Use Univ
Go
INSERT INTO Categorias (Nombre) VALUES
	 (N'Argentina'),
	 (N'Arte'),
	 (N'Belico'),
	 (N'Bordado'),
	 (N'Cocina'),
	 (N'Deportes individuales'),
	 (N'Diseño'),
	 (N'Edad media'),
	 (N'Historia'),
	 (N'Informatica'),
	 (N'Internet'),
	 (N'Italia'),
	 (N'Juegos de tablero'),
	 (N'Manualidades'),
	 (N'Musica'),
	 (N'Negocios'),
	 (N'Pesca'),
	 (N'Programacion'),
	 (N'Mascotas');

INSERT INTO Niveles (Nombre) VALUES
	 (N'Introductivo'),
	 (N'Aficionado'),
	 (N'Avanzado'),
	 (N'Medio'),
	 (N'Principiante'),
	 (N'Junior'),
	 (N'Experto');

INSERT INTO TiposContenido (Nombre) VALUES
	 (N'Audio de alta calidad'),
	 (N'Examen'),
	 (N'Texto'),
	 (N'Video');

INSERT INTO FormatosIdioma (Nombre) VALUES
	 (N'Subtitulo'),
	 (N'Audio'),
	 (N'Texto del video');



INSERT INTO Cursos (IDNivel,Nombre,CostoCurso,CostoCertificacion,Estreno) VALUES
	 (5,N'Lenguaje C',14000.0000,7000.0000,'2015-10-10'),
	 (NULL,N'Cocina italiana',20000.0000,8500.0000,'2019-09-09'),
	 (3,N'Bordado: Tecnicas avanzadas',5000.0000,1000.0000,'2018-07-03'),
	 (5,N'Python 101',13000.0000,4000.0000,'2017-07-07'),
	 (5,N'Javascript 101',10000.0000,5000.0000,'2017-07-07'),
	 (2,N'Introduccion a la pesca con mosca',17000.0000,7000.0000,'2020-09-21'),
	 (4,N'Preparacion de mermeladas',10000.0000,1000.0000,'2020-08-10'),
	 (5,N'Pixel art',0.0000,15000.0000,'2019-10-11'),
	 (5,N'Guitarra',0.0000,1500.0000,'2015-05-06'),
	 (NULL,N'Edad Media: Armas y tecnicas belicas',50000.0000,35000.0000,'2020-08-20'),
	 (NULL,N'Historia del Rock Argentino',20000.0000,2000.0000,'2020-08-20'),
	 (5,N'Ajedrez',7000.0000,700.0000,'2008-04-11'),
	 (5,N'Go',7000.0000,700.0000,'2008-04-11'),
	 (5,N'Damas',7000.0000,700.0000,'2008-04-11'),
	 (NULL,N'Internet para dummies',5000.0000,50.0000,'2010-08-19'),
	 (5,N'Comportamiento felino',60000.0000,6000.0000,'2024-01-10');

INSERT INTO Categorias_x_Curso (IDCurso,IDCategoria) VALUES
	 (1,10),
	 (1,18),
	 (2,5),
	 (2,12),
	 (3,2),
	 (3,4),
	 (3,14),
	 (4,10),
	 (4,18),
	 (5,10),
	 (5,18),
	 (6,6),
	 (6,17),
	 (7,5),
	 (7,16),
	 (8,2),
	 (8,7),
	 (8,10),
	 (9,2),
	 (9,9),
	 (9,15),
	 (10,3),
	 (10,8),
	 (10,9),
	 (11,1),
	 (11,9),
	 (11,15),
	 (12,6),
	 (12,9),
	 (12,13),
	 (13,6),
	 (13,9),
	 (13,13),
	 (14,9),
	 (14,13),
	 (15,10),
	 (15,11),
	 (16,9),
	 (16,19);

INSERT INTO Clases (IDCurso,Nombre,Numero,Duracion) VALUES
	 (1,N'Tipos de datos y variables',1,45),
	 (1,N'Estructura de decision',2,45),
	 (1,N'Estructura de repeticion',3,50),
	 (1,N'Arrays',4,60),
	 (1,N'Funciones',5,70),
	 (2,N'Pastas',1,50),
	 (2,N'Pizzas',2,50),
	 (2,N'Pescados',3,50),
	 (2,N'Dulces',4,50),
	 (3,N'Elementos basicos para comenzar',1,45),
	 (3,N'Tipos de telas',2,50),
	 (3,N'Tipos de puntos',3,60),
	 (4,N'Tipos de datos y variables',1,30),
	 (4,N'Estructura de decision',2,40),
	 (4,N'Estructura de repeticion',3,20),
	 (4,N'Arrays',4,40),
	 (4,N'Funciones',5,50),
	 (4,N'Clases',6,100),
	 (5,N'Tipos de datos y variables',1,50),
	 (5,N'Estructura de decision',2,60),
	 (5,N'Estructura de repeticion',3,50),
	 (5,N'Arrays',4,70),
	 (5,N'Funciones',5,60),
	 (5,N'Clases',6,70),
	 (6,N'Elementos basicos para comenzar',1,90),
	 (6,N'Los peces',2,120),
	 (6,N'Las moscas',3,90),
	 (7,N'Frutas de estacion',1,50),
	 (7,N'Coccion y almacenamiento',2,50),
	 (7,N'Herramientas para venta online',3,90),
	 (7,N'Poniendose al dia con la AFIP',4,110),
	 (8,N'Empezando: Ejemplos',1,60),
	 (8,N'Practica',2,70),
	 (8,N'Abandonando porque no me sale',3,5),
	 (9,N'Historia de la guitarra',1,60),
	 (9,N'Historia de las cuerdas de la guitarra',2,40),
	 (9,N'Historia de las clavijas de la guitarra',3,70),
	 (9,N'Brian May',4,80),
	 (10,N'La caballeria',1,150),
	 (10,N'La infanteria',2,200),
	 (10,N'Tropas lanzaproyectiles',3,240),
	 (10,N'Armas de asedio',4,330),
	 (11,N'Virus',1,120),
	 (11,N'Soda Stereo',2,120),
	 (11,N'Las demas bandas',3,30),
	 (12,N'Reglas de juego',1,80),
	 (13,N'Reglas de juego',1,80),
	 (14,N'Reglas de juego',1,40),
	 (15,N'La historia de Internet',1,90),
	 (15,N'Memes',2,70),
	 (15,N'¿Como mandar spam?',3,50),
	 (16,N'Los gatos en el antiguo Egipto',1,50),
	 (16,N'Adoptando un gatito',2,60),
	 (16,N'La salud de mi gato',3,70),
	 (16,N'Mi gato ¿quire matarme?',4,90);

INSERT INTO Contenidos (IDClase,IDTipo,Tamaño) VALUES
	 (1,3,3),
	 (1,4,42129),
	 (2,3,9),
	 (2,4,42479),
	 (3,3,8),
	 (3,4,31123),
	 (4,3,8),
	 (4,4,52558),
	 (5,3,2),
	 (5,4,27233),
	 (6,4,7565),
	 (7,4,11748),
	 (8,4,12277),
	 (9,4,41865),
	 (10,3,10),
	 (10,4,55689),
	 (11,3,10),
	 (11,4,13564),
	 (12,3,8),
	 (12,4,45610),
	 (1,3,4),
	 (1,4,23281),
	 (2,3,8),
	 (2,4,27679),
	 (3,3,2),
	 (3,4,6054),
	 (4,3,1),
	 (4,4,33472),
	 (5,3,4),
	 (5,4,27925),
	 (5,2,1),
	 (18,3,7),
	 (18,4,21568),
	 (18,2,2),
	 (1,4,1093),
	 (2,4,57116),
	 (3,4,22670),
	 (4,4,40725),
	 (5,4,1772),
	 (18,4,50823),
	 (10,4,8836),
	 (26,4,23943),
	 (27,4,50476),
	 (28,3,1),
	 (28,4,54331),
	 (28,2,2),
	 (29,3,6),
	 (29,4,17761),
	 (29,2,2),
	 (30,3,5),
	 (30,4,56704),
	 (30,2,2),
	 (31,3,1),
	 (31,4,13237),
	 (31,2,1),
	 (32,4,15684),
	 (33,4,24366),
	 (34,4,7753),
	 (35,1,34),
	 (36,1,807),
	 (37,1,459),
	 (38,1,745),
	 (35,4,6799),
	 (36,4,2868),
	 (37,4,18715),
	 (38,4,31962),
	 (39,3,9),
	 (40,3,9),
	 (41,3,7),
	 (42,3,8),
	 (39,4,27851),
	 (40,4,48400),
	 (41,4,46921),
	 (42,4,29492),
	 (43,1,741),
	 (44,1,143),
	 (45,1,123),
	 (43,4,59839),
	 (44,4,16470),
	 (45,4,44445),
	 (46,3,1),
	 (46,3,3),
	 (46,3,2),
	 (49,4,21649),
	 (50,4,18306),
	 (51,4,21680),
	 (52,4,95000),
	 (53,3,500),
	 (54,4,158000),
	 (55,3,650);

INSERT INTO Idiomas (Nombre) VALUES
	 (N'Castellano'),
	 (N'Ingles'),
	 (N'Italiano'),
	 (N'Frances'),
	 (N'Portugues'),
	 (N'Chino');

INSERT INTO Idiomas_x_Curso (IDCurso,IDIdioma,IDFormatoIdioma) VALUES
	 (1,1,1),
	 (1,1,2),
	 (1,2,1),
	 (1,2,2),
	 (1,3,1),
	 (1,4,1),
	 (1,5,1),
	 (2,1,1),
	 (2,2,1),
	 (2,2,2),
	 (2,3,1),
	 (2,3,2),
	 (2,4,1),
	 (2,5,1),
	 (3,1,2),
	 (4,1,1),
	 (4,2,1),
	 (4,2,2),
	 (4,3,1),
	 (4,4,1),
	 (4,5,1),
	 (5,1,1),
	 (5,2,1),
	 (5,2,2),
	 (5,3,1),
	 (5,4,1),
	 (5,5,1),
	 (6,1,1),
	 (6,2,1),
	 (6,2,2),
	 (6,3,1),
	 (6,4,1),
	 (6,5,1),
	 (7,1,1),
	 (7,1,2),
	 (7,2,1),
	 (8,1,1),
	 (8,1,2),
	 (8,2,1),
	 (9,1,2),
	 (10,1,1),
	 (10,2,1),
	 (10,2,2),
	 (11,1,1),
	 (11,1,2),
	 (12,1,1),
	 (12,1,2),
	 (13,1,1),
	 (13,1,2),
	 (14,1,1),
	 (14,1,2),
	 (15,1,1),
	 (15,1,2),
	 (15,2,1);

Insert into Paises(ID, Nombre)
Values
(1, 'Argentina'),
(2, 'Uruguay'),
(3, 'Chile'),
(4, 'Italia'),
(5, 'Estados Unidos'),
(6, 'Brasil'),
(7, 'Paraguay'),
(8, 'Australia')

Insert into Localidades(ID, IDPais, Nombre)
VALUES
(1000, 1, 'Ciudad Esmeralda'),
(1100, 1, 'Pueblo Aurora'),
(1200, 1, 'Valle Encantado'),
(1300, 1, 'Lago Serenidad'),
(1400, 1, 'Presidente Simon'),
(1500, 1, 'Doctora Velez'),
(2000, 2, 'Laguna Azul'),
(2100, 2, 'Costa Este'),
(3000, 3, 'Puerto Cielo'),
(3100, 3, 'Valle Tranquilo'),
(4000, 4, 'Monte Verde'),
(4100, 4, 'Colina del Olivo'),
(5000, 5, 'Stardew Valley'),
(5100, 5, 'Pinecrest Valley'),
(6000, 6, 'Bahia del Sol'),
(6100, 6, 'Mar del Horizonte'),
(7000, 7, 'Tierra Colorada'),
(8000, 8, 'Shark Sea')
Go

INSERT INTO Usuarios (NombreUsuario)
VALUES
('mgonzalez'),
('vrodriguez'),
('lmartinez'),
('sperez'),
('blopez'),
('igarcia'),
('sfernandez'),
('vtorres'),
('esanchez'),
('mramirez'),
('mdiaz'),
('tmoreno'),
('mcastro'),
('fruiz'),
('rherrera'),
('dalvarez'),
('aortiz'),
('svargas'),
('ajimenez'),
('jsilva'),
('crios'),
('amendoza'),
('mnavarro'),
('nparedes'),
('abravo'),
('gacosta'),
('mmiranda'),
('mvega'),
('vcaceres'),
('lojeda'),
('mguzman'),
('jperalta'),
('pmolina'),
('arojas'),
('mdeolivera'),
('acastro'),
('mespinoza'),
('hsoto'),
('lfernandez'),
('gmedina')

GO
SET DATEFORMAT DMY
go
INSERT INTO Datos_Personales (ID, Apellidos, Nombres, Nacimiento, Genero, Telefono, Celular, Email, Domicilio, IDLocalidad)
Values
(1, 'Gonzalez', 'Mateo Alejandro', '11/03/1991', 'M', '9076694385', '1511190842', 'mgonzalez@mail.com', 'Gonzalez 3336', 1000),
(2, 'Rodriguez', 'Valentina Maria', '28/01/1991', 'F', '3369086028', '1511658411', 'vrodriguez@utn.edu.ar', 'Rodriguez 3475', 1000),
(3, 'Martinez', 'Lucas Sebastian', '27/04/1984', 'M', '2322152003', '1511478142', 'lmartinez@gmail.com', 'Martinez 2000', 1000),
(4, 'Perez', 'Sofia Isabella', '27/08/1986', 'F', '4987998247', '1511770422', 'sperez@gmail.com', 'Perez 1481', 1000),
(5, 'Lopez Acosta', 'Benjamin', '29/04/1984', 'M', '7738654060', '1511731160', 'blopez@utn.edu.ar', 'Lopez Acosta 2850', 1100),
(6, 'Garcia', 'Isabella', '07/01/1978', 'F', '4771039351', '1511284177', null, 'Garcia 2120', 1100),
(7, 'Fernandez', 'Sebastian Alejandro', '07/11/2001', 'M', null, '1511782647', null, 'Fernandez 4627', 1100),
(8, 'Torres Marchesi', 'Valentino Juan', '20/07/1972', null, null, null, null, 'Torres 3261', 1100),
(9, 'Sanchez', 'Emilia Camila', '10/06/1993', 'F', '4717342273', '1511268095', 'esanchez@hotmail.com.ar', 'Sanchez 2247', 1100),
(10, 'Ramirez', 'Matias Andres', '24/06/1984', 'M', '5575857765', null, 'mramirez@hotmail.com.ar', 'Ramirez 4132', 1100),
(11, 'Diaz', 'Martina Sofia', '03/12/1975', 'F', '3778448274', '1511381440', 'mdiaz@hotmail.com', 'Diaz 2294', 1200),
(12, 'Moreno', 'Thiago Francisco', '24/12/1978', 'M', null, '1511574306', 'tmoreno@hotmail.com', 'Moreno 3987', 1200),
(13, 'Castro', 'Maria Victoria', '24/11/1987', 'F', '698214011', null, 'mcastro@mail.com', 'Castro 6021', 1200),
(14, 'Ruiz Sotelo', 'Felipe Nicolas', '18/04/1990', 'M', '7075165368', '1511654956', 'fruiz@utn.edu.ar', 'Ruiz 3162', 1200),
(15, 'Herrera', 'Renata Soledad', '07/09/1978', 'F', null, '1511449859', 'rherrera@mail.com', 'Herrera 3345', 1200),
(16, 'Alvarez', 'Daniel Eduardo', '06/09/1977', null, null, null, 'dalvarez@mail.com', 'Alvarez 1093', 1200),
(17, 'Ortiz', 'Antonella', '20/12/1990', 'F', '3139495780', '1511181907', 'aortiz@utn.edu.ar', 'Ortiz 1806', 1200),
(18, 'Vargas Quispe', 'Samuel Antonio', '26/11/1997', 'M', '4376981248', '1511170568', null, 'Vargas 3358', 1200),
(19, 'Jimenez', 'Antonella Sofia', '24/10/1985', 'F', '2551591179', '1511135879', 'ajimenez@hotmail.com.ar', 'Jimenez 2095', 1200),
(20, 'Silva', 'Joaquin Ignacio', '26/09/1986', 'M', null, null, 'jsilva@gmail.com', 'Silva 6558', 1200),
(21, 'Rios', 'Catalina Johana', '13/01/1983', 'F', '6506342459', null, 'crios@hotmail.com.ar', 'Rios 1007', 1300),
(22, 'Mendoza', 'Alejandro Sebastian', '23/06/1976', 'M', '484582979', null, 'amendoza@utn.edu.ar', 'Mendoza 1652', 1300),
(23, 'Navarro', 'Maria Florencia', '17/10/1999', 'F', null, null, 'mnavarro@utn.edu.ar', 'Navarro 3126', 6100),
(24, 'Paredes', 'Nicolas Gabriel', '04/05/1993', null, '2836825964', null, 'nparedes@mail.com', 'Paredes 3481', 6100),
(25, 'Bravo', 'Agustina Sofia', '07/02/1988', 'F', '3589784692', null, null, 'Bravo 2749', 6100),
(26, 'Acosta', 'Gabriel Esteban', '01/11/1986', 'M', '8214011177', null, 'gacosta@utn.edu.ar', 'Acosta 1656', 5000),
(27, 'Miranda', 'Mia Valentina', '21/05/1980', 'F', '7075165368', null, 'mmiranda@hotmail.com', 'Miranda 3211', 5100),
(28, 'Vega', 'Maximiliano', '16/11/1988', 'M', null, null, null, 'Vega 2053', 5100),
(29, 'Caceres', 'Valeria Gabriela', '14/03/1993', null, '1497797187', '1512349876', 'vcaceres@mail.com', 'Caceres 3916', 2000),
(30, 'Ojeda', 'Luciano Martin', '10/10/1996', 'M', '3139495780', null, 'lojeda@hotmail.com', 'Ojeda 7304', 2000),
(31, 'Guzman Gabrieli', 'Maria Jose', '15/03/1998', 'F', '4376981248', null, 'mguzman@hotmail.com.ar', 'Guzman 3610', 2000),
(32, 'Peralta', 'Juan Ignacio Pablo', '27/11/1991', 'M', '2551591179', null, 'jperalta@hotmail.com', 'Peralta 8097', 2000),
(33, 'Molina', 'Paula Daniela', '22/08/1980', 'F', null, null, 'pmolina@utn.edu.ar', 'Molina 3506', 4000),
(34, 'Rojas', 'Andres Santiago', '05/12/1976', 'M', '6506342459', '1511627856', 'arojas@hotmail.com.ar', 'Rojas 1692', 3000),
(35, 'De Olivera Jesus', 'Maite Lisbeth', '24/02/1972', 'F', '484582979', '1511749540', 'mdeolivera@hotmail.com', 'De Olivera 1149', 3000),
(36, 'Castro Sotelo', 'Agustin', '05/12/1990', 'M', '9289951322', '1511554236', 'acastro@gmail.com', 'Castro 2603', 3100),
(37, 'Espinoza', 'Maria Daniela', '07/05/1986', 'F', '2836825964', '1511321809', null, 'Espinoza 2427', 3100),
(38, 'Soto Villalba', 'Hugo Alberto', '26/11/1972', 'M', '3589784692', '1511193441', 'hsoto@gmail.com', 'Soto 1771', 3100),
(39, 'Fernandez de la Cruz', 'Luz Maria', '27/11/1972', null, '8214011177', '1511375998', 'lfernandez@gmail.com', 'Fernandez 3645', 4000),
(40, 'Medina', 'German Adolfo', '30/09/1981', 'M', '7075165368', '1513124648', 'gmedina@yahoo.com', 'Medina S/N', 4100);

Go

INSERT INTO Inscripciones (IDUsuario,IDCurso,Fecha,Costo) VALUES
	 (26,1,'2018-04-22',14000.0000),
	 (39,1,'2018-03-02',14000.0000),
	 (34,1,'2019-06-18',14000.0000),
	 (21,1,'2018-10-05',14000.0000),
	 (7,1,'2019-02-06',14000.0000),
	 (31,2,'2019-05-26',20000.0000),
	 (27,2,'2019-06-20',20000.0000),
	 (25,2,'2018-10-29',20000.0000),
	 (16,2,'2019-01-13',20000.0000),
	 (4,3,'2019-08-02',5000.0000),
	 (26,3,'2019-02-11',5000.0000),
	 (20,3,'2018-02-07',5000.0000),
	 (27,4,'2018-08-22',13000.0000),
	 (35,4,'2019-03-15',13000.0000),
	 (29,4,'2018-04-19',13000.0000),
	 (17,4,'2020-02-22',13000.0000),
	 (33,4,'2019-04-10',13000.0000),
	 (24,4,'2019-01-17',13000.0000),
	 (38,5,'2019-05-03',10000.0000),
	 (1,5,'2018-06-08',10000.0000),
	 (9,5,'2019-11-11',10000.0000),
	 (25,5,'2019-02-23',10000.0000),
	 (13,5,'2019-11-08',10000.0000),
	 (23,5,'2019-08-19',10000.0000),
	 (39,6,'2019-09-12',17000.0000),
	 (23,6,'2019-07-04',17000.0000),
	 (19,6,'2019-07-29',17000.0000),
	 (12,7,'2019-08-13',10000.0000),
	 (21,7,'2019-11-22',10000.0000),
	 (12,7,'2019-10-09',10000.0000),
	 (14,7,'2018-03-02',10000.0000),
	 (6,8,'2018-02-26',0.0000),
	 (32,8,'2019-11-23',0.0000),
	 (14,8,'2018-07-15',0.0000),
	 (25,9,'2018-06-28',0.0000),
	 (3,9,'2019-09-02',0.0000),
	 (39,9,'2019-06-21',0.0000),
	 (7,9,'2018-09-04',0.0000),
	 (22,10,'2018-12-30',50000.0000),
	 (2,10,'2018-11-06',50000.0000),
	 (4,10,'2018-12-20',50000.0000),
	 (12,10,'2019-10-04',50000.0000),
	 (22,10,'2019-09-15',50000.0000),
	 (4,10,'2020-01-18',50000.0000),
	 (35,10,'2018-11-28',50000.0000),
	 (4,10,'2018-12-14',50000.0000),
	 (22,10,'2020-01-07',50000.0000),
	 (37,10,'2019-01-23',50000.0000),
	 (6,10,'2018-05-19',50000.0000),
	 (13,10,'2018-04-29',50000.0000),
	 (1,11,'2019-08-22',20000.0000),
	 (21,11,'2019-11-05',20000.0000),
	 (24,11,'2018-05-05',20000.0000),
	 (38,12,'2019-04-09',7000.0000),
	 (20,12,'2020-01-27',7000.0000),
	 (20,13,'2018-06-09',7000.0000),
	 (14,14,'2019-10-28',7000.0000),
	 (3,15,'2018-01-01',5000.0000),
	 (36,15,'2019-12-06',5000.0000),
	 (39,15,'2018-11-17',5000.0000);
Go

INSERT INTO Certificaciones (IDInscripcion,Fecha,Costo) VALUES
	 (1,'2018-08-08',5000.0000),
	 (2,'2018-05-31',5000.0000),
	 (3,'2019-08-19',7000.0000),
	 (4,'2018-12-05',5000.0000),
	 (5,'2019-04-14',7000.0000),
	 (6,'2019-06-22',8000.0000),
	 (7,'2019-08-02',8000.0000),
	 (8,'2019-02-04',8000.0000),
	 (9,'2019-03-15',8000.0000),
	 (10,'2019-10-26',1000.0000),
	 (11,'2019-02-27',1000.0000),
	 (12,'2018-05-15',1000.0000),
	 (13,'2018-08-26',3000.0000),
	 (14,'2019-03-17',3500.0000),
	 (15,'2018-08-10',3500.0000),
	 (16,'2020-05-22',4000.0000),
	 (17,'2019-06-01',3500.0000),
	 (18,'2019-03-18',3500.0000),
	 (19,'2019-08-16',4000.0000),
	 (20,'2018-10-04',3000.0000),
	 (21,'2019-12-29',5000.0000),
	 (22,'2019-06-03',4000.0000),
	 (23,'2020-02-14',5000.0000),
	 (24,'2019-09-27',4000.0000),
	 (25,'2019-11-17',7000.0000);

INSERT INTO Instructores_x_Curso (IDUsuario,IDCurso) VALUES
	 (1,11),
	 (7,9),
	 (8,1),
	 (11,3),
	 (12,12),
	 (13,8),
	 (15,8),
	 (15,10),
	 (19,11),
	 (23,6),
	 (25,7),
	 (27,4),
	 (30,4),
	 (31,9),
	 (32,1),
	 (32,2),
	 (33,11),
	 (33,14),
	 (35,5),
	 (38,15),
	 (39,2),
	 (39,13);

INSERT INTO Pagos (IDInscripcion,Fecha,Importe) VALUES
	 (1,'2018-04-22',14000.0000),
	 (2,'2018-03-02',14000.0000),
	 (3,'2019-06-18',14000.0000),
	 (4,'2018-10-05',14000.0000),
	 (5,'2019-02-06',14000.0000),
	 (6,'2019-05-26',20000.0000),
	 (7,'2019-06-20',20000.0000),
	 (8,'2018-10-29',20000.0000),
	 (9,'2019-01-13',20000.0000),
	 (10,'2019-08-02',5000.0000),
	 (11,'2019-02-11',5000.0000),
	 (12,'2018-02-07',5000.0000),
	 (13,'2018-08-22',13000.0000),
	 (14,'2019-03-15',13000.0000),
	 (15,'2018-04-19',13000.0000),
	 (16,'2020-02-22',13000.0000),
	 (17,'2019-04-10',13000.0000),
	 (18,'2019-01-17',13000.0000),
	 (19,'2019-05-03',10000.0000),
	 (20,'2018-06-08',10000.0000),
	 (21,'2019-11-11',10000.0000),
	 (22,'2019-02-23',10000.0000),
	 (23,'2019-11-08',10000.0000),
	 (24,'2019-08-19',10000.0000),
	 (25,'2019-09-12',17000.0000),
	 (26,'2019-07-04',17000.0000),
	 (27,'2019-07-29',17000.0000),
	 (28,'2019-08-13',10000.0000),
	 (29,'2019-11-22',10000.0000),
	 (30,'2019-10-09',10000.0000),
	 (31,'2018-03-02',10000.0000),
	 (39,'2018-12-30',50000.0000),
	 (40,'2018-11-06',50000.0000),
	 (41,'2018-12-20',50000.0000),
	 (42,'2019-10-04',50000.0000),
	 (43,'2019-09-15',50000.0000),
	 (44,'2020-01-18',50000.0000),
	 (45,'2018-11-28',50000.0000),
	 (46,'2018-12-14',50000.0000),
	 (47,'2020-01-07',50000.0000),
	 (48,'2019-01-23',50000.0000),
	 (49,'2018-05-19',50000.0000),
	 (50,'2018-04-29',50000.0000),
	 (51,'2019-08-22',20000.0000),
	 (52,'2019-11-05',20000.0000),
	 (53,'2018-05-05',20000.0000),
	 (54,'2019-04-09',7000.0000),
	 (55,'2020-01-27',7000.0000),
	 (56,'2018-06-09',7000.0000),
	 (57,'2019-10-28',7000.0000),
	 (58,'2018-01-01',5000.0000),
	 (59,'2019-12-06',5000.0000),
	 (60,'2018-11-17',5000.0000),
	 (1,'2018-06-11',250.0000),
	 (2,'2018-04-21',500.0000),
	 (3,'2019-08-07',500.0000),
	 (24,'2019-10-08',900.0000),
	 (25,'2019-11-01',900.0000),
	 (26,'2019-08-23',1000.0000),
	 (1,'2018-09-09',300.0000);

INSERT INTO Reseñas (IDInscripcion,Fecha,Observaciones,Puntaje,Inapropiada) VALUES
	 (5,'2019-04-29',N'No me compilo ningun ejemplo',2.0,0),
	 (24,'2019-09-06',N'Excelente, recomiendo!',10.0,0),
	 (25,'2019-12-23',N'Muy bueno',10.0,0),
	 (26,'2019-10-01',N'No explico como cocinar los pescados',5.0,1),
	 (27,'2019-08-05',N'Estoy muy enojado con el instructor',2.0,1),
	 (28,'2019-10-20',N'Cual es el mail para comprar mermeladas?',10.0,1),
	 (29,'2020-01-21',N'Haces envios?',10.0,1),
	 (30,'2019-11-30',N'No me gustan las mermeladas',2.0,0),
	 (31,'2018-04-14',N'No podes hacer uno de escabeches?',10.0,1),
	 (32,'2018-03-31',N'No me salio ningun dibujo',4.0,1),
	 (34,'2018-09-12',N'Hay que practicar mucho',5.0,0),
	 (38,'2018-10-29',N'Hay que practicar mucho',6.0,0),
	 (39,'2019-01-03',N'Aguante la Edad Media <3',10.0,0),
	 (54,'2019-06-29',N'No enseño la apertura italiana',8.0,0),
	 (56,'2018-09-01',N'Pense que era un curso de programacion y era de un juego de mesa. Igual estuvo bueno.',9.0,0),
	 (57,'2020-01-28',N'Genial 100% recomendable',2.0,0),
	 (58,'2018-04-21',N'Solo enseño a dejar reseñas en internet. Aca va una negativa.',1.0,0);